iter,MTOW_in_kg,MTOW_out_kg,delta_kg,L_over_D,P_cruise_kW,P_max_kW,P_TO_kW,W_fuel_kg,OEW_kg
1,31237,29608.1,1628.91,16.3101,3881.78,5369.59,7241.17,592.518,13515.6
2,29608.1,29268.4,339.709,15.7365,3802.68,5161.42,6863.57,573.983,13194.4
3,29268.4,29197.4,71.0093,15.6123,3786.72,5118.5,6784.82,570.223,13127.2
4,29197.4,29182.5,14.8506,15.5862,3783.41,5109.56,6768.36,569.442,13113.1
5,29182.5,29179.4,3.10615,15.5807,3782.71,5107.69,6764.92,569.278,13110.1
6,29179.4,29178.8,0.649693,15.5796,3782.57,5107.29,6764.2,569.244,13109.5
