iter,MTOW_in_kg,MTOW_out_kg,delta_kg,L_over_D,P_cruise_kW,P_max_kW,P_TO_kW,W_fuel_kg,OEW_kg
1,31237,30595.4,641.562,16.3101,3881.78,5369.59,7241.17,592.518,14502.9
2,30595.4,30443.8,151.67,16.0884,3850.12,5287.13,7092.45,585.117,14358.7
3,30443.8,30407.9,35.8939,16.0352,3842.73,5267.72,7057.29,583.387,14324.5
4,30407.9,30399.4,8.49676,16.0226,3840.99,5263.13,7048.97,582.978,14316.4
5,30399.4,30397.4,2.01146,16.0196,3840.58,5262.05,7047,582.881,14314.5
6,30397.4,30396.9,0.476187,16.0189,3840.48,5261.79,7046.53,582.859,14314
