iter,MTOW_in_kg,MTOW_out_kg,delta_kg,L_over_D,P_cruise_kW,P_max_kW,P_TO_kW,W_fuel_kg,OEW_kg
1,31237,32247.7,1010.73,16.3101,3881.78,5369.59,7241.17,592.518,16155.2
2,32247.7,32533.1,285.323,16.6483,3932.99,5500.76,7475.47,604.441,16428.6
3,32533.1,32613.5,80.4374,16.7412,3947.74,5538.07,7541.61,607.865,16505.6
4,32613.5,32636.2,22.6684,16.7673,3951.92,5548.61,7560.26,608.835,16527.3
5,32636.2,32642.5,6.38761,16.7746,3953.1,5551.58,7565.52,609.109,16533.4
6,32642.5,32644.3,1.79988,16.7766,3953.43,5552.42,7567,609.186,16535.2
7,32644.3,32644.9,0.507161,16.7772,3953.53,5552.65,7567.41,609.208,16535.6
