iter,MTOW_in_kg,MTOW_out_kg,delta_kg,L_over_D,P_cruise_kW,P_max_kW,P_TO_kW,W_fuel_kg,OEW_kg
1,31729.9,31393.7,336.177,17.1913,3752.97,5336.3,5957.9,586.052,15307.7
2,31393.7,31314.1,79.6481,17.0776,3735.61,5292.37,5894.78,581.713,15232.4
3,31314.1,31295.2,18.8735,17.0504,3731.53,5281.98,5879.82,580.691,15214.5
4,31295.2,31290.7,4.47244,17.044,3730.56,5279.52,5876.28,580.45,15210.3
5,31290.7,31289.7,1.05984,17.0424,3730.33,5278.94,5875.44,580.392,15209.3
6,31289.7,31289.4,0.251154,17.0421,3730.28,5278.8,5875.24,580.379,15209.1
