iter,MTOW_in_kg,MTOW_out_kg,delta_kg,L_over_D,P_cruise_kW,P_max_kW,P_TO_kW,W_fuel_kg,OEW_kg
1,31729.9,30070.3,1659.59,17.1913,3752.97,5336.3,5957.9,586.052,13984.3
2,30070.3,29711.2,359.166,16.6138,3669.09,5121.11,5646.28,565.022,13646.1
3,29711.2,29633.2,77.9389,16.4835,3651.53,5075.1,5578.84,560.599,13572.6
4,29633.2,29616.3,16.923,16.455,3647.74,5065.14,5564.21,559.645,13556.7
5,29616.3,29612.6,3.67501,16.4488,3646.92,5062.98,5561.03,559.439,13553.2
6,29612.6,29611.8,0.798092,16.4474,3646.75,5062.51,5560.34,559.394,13552.4
