iter,MTOW_in_kg,MTOW_out_kg,delta_kg,L_over_D,P_cruise_kW,P_max_kW,P_TO_kW,W_fuel_kg,OEW_kg
1,31729.9,29270.8,2459.16,17.1913,3752.97,5336.3,5957.9,586.052,13184.7
2,29270.8,28789.5,481.241,16.3211,3630.28,5018.94,5496.15,555.238,12734.3
3,28789.5,28695.1,94.4595,16.1404,3607.43,4957.93,5405.79,549.458,12645.6
4,28695.1,28676.5,18.553,16.1045,3602.99,4945.99,5388.05,548.333,12628.2
5,28676.5,28672.9,3.64451,16.0974,3602.12,4943.65,5384.57,548.113,12624.7
6,28672.9,28672.1,0.715938,16.0961,3601.95,4943.19,5383.88,548.069,12624.1
